FA_NR,ORDER_ROLLING_DATE
1144,2022-08-02 00:00:00.0
1225,2022-08-10 00:00:00.0
1127,2022-08-09 00:00:00.0
1232,2022-08-09 00:00:00.0
1115,2022-08-09 00:00:00.0
1202,2022-08-03 00:00:00.0
1836,2022-05-04 00:00:00.0
1153,2022-08-02 00:00:00.0
1769,2022-08-25 00:00:00.0
1039,2022-08-10 00:00:00.0
1196,2022-08-10 00:00:00.0
1237,2022-08-10 00:00:00.0
1108,2022-08-03 00:00:00.0
1182,2022-08-02 00:00:00.0
1109,2022-08-03 00:00:00.0
1169,2022-08-01 00:00:00.0
1197,2022-08-09 00:00:00.0
1920,2022-07-29 00:00:00.0
1777,2022-04-21 00:00:00.0
1223,2022-08-09 00:00:00.0
1236,2022-08-10 00:00:00.0
1042,2022-08-10 00:00:00.0
1141,2022-08-02 00:00:00.0
1174,2022-08-02 00:00:00.0
1795,2022-07-29 00:00:00.0
